<?xml version="1.0" encoding="UTF-8"?>
<project version="4">
  <component name="ProjectLevelVcsManager" settingsEditedManually="false">
    <OptionsSetting value="true" id="Add" />
    <OptionsSetting value="true" id="Remove" />
    <OptionsSetting value="true" id="Checkout" />
    <OptionsSetting value="true" id="Update" />
    <OptionsSetting value="true" id="Status" />
    <OptionsSetting value="true" id="Edit" />
    <OptionsSetting value="true" id="添加" />
    <OptionsSetting value="true" id="移除" />
    <OptionsSetting value="true" id="签出" />
    <OptionsSetting value="true" id="更新" />
    <OptionsSetting value="true" id="状态" />
    <OptionsSetting value="true" id="编辑" />
    <ConfirmationsSetting value="0" id="添加" />
    <ConfirmationsSetting value="0" id="移除" />
  </component>
</project>