<?xml version="1.0" encoding="UTF-8"?>
<project version="4">
  <component name="ChangeListManager">
    <list default="true" id="81be433e-50fc-4f1b-a109-74a37c15a4b2" name="默认的" comment="" />
    <ignored path="table.iws" />
    <ignored path=".idea/workspace.xml" />
    <option name="EXCLUDED_CONVERTED_TO_IGNORED" value="true" />
    <option name="TRACKING_ENABLED" value="true" />
    <option name="SHOW_DIALOG" value="false" />
    <option name="HIGHLIGHT_CONFLICTS" value="true" />
    <option name="HIGHLIGHT_NON_ACTIVE_CHANGELIST" value="false" />
    <option name="LAST_RESOLUTION" value="IGNORE" />
  </component>
  <component name="ChangesViewManager" flattened_view="true" show_ignored="false" />
  <component name="CreatePatchCommitExecutor">
    <option name="PATCH_PATH" value="" />
  </component>
  <component name="ExecutionTargetManager" SELECTED_TARGET="default_target" />
  <component name="FavoritesManager">
    <favorites_list name="table" />
  </component>
  <component name="FileEditorManager">
    <leaf>
      <file leaf-file-name="datal.json" pinned="false" current-in-tab="false">
        <entry file="file://$PROJECT_DIR$/datal.json">
          <provider selected="true" editor-type-id="text-editor">
            <state vertical-scroll-proportion="-0.0">
              <caret line="0" column="0" selection-start-line="0" selection-start-column="0" selection-end-line="0" selection-end-column="0" />
              <folding />
            </state>
          </provider>
        </entry>
      </file>
      <file leaf-file-name="index.html" pinned="false" current-in-tab="false">
        <entry file="file://$PROJECT_DIR$/index.html">
          <provider selected="true" editor-type-id="text-editor">
            <state vertical-scroll-proportion="-11.970589">
              <caret line="22" column="0" selection-start-line="22" selection-start-column="0" selection-end-line="22" selection-end-column="0" />
              <folding />
            </state>
          </provider>
        </entry>
      </file>
      <file leaf-file-name="index.html" pinned="false" current-in-tab="true">
        <entry file="file://$PROJECT_DIR$/../新建文件夹/table/index.html">
          <provider selected="true" editor-type-id="text-editor">
            <state vertical-scroll-proportion="0.74340177">
              <caret line="38" column="8" selection-start-line="38" selection-start-column="8" selection-end-line="38" selection-end-column="8" />
              <folding />
            </state>
          </provider>
        </entry>
      </file>
      <file leaf-file-name="dataGrid.js" pinned="false" current-in-tab="false">
        <entry file="file://$PROJECT_DIR$/../新建文件夹/table/script/dataGrid.js">
          <provider selected="true" editor-type-id="text-editor">
            <state vertical-scroll-proportion="0.0">
              <caret line="60" column="19" selection-start-line="60" selection-start-column="19" selection-end-line="60" selection-end-column="19" />
              <folding />
            </state>
          </provider>
        </entry>
      </file>
      <file leaf-file-name="table.json" pinned="false" current-in-tab="false">
        <entry file="file://$PROJECT_DIR$/../新建文件夹/table/json/table.json">
          <provider selected="true" editor-type-id="text-editor">
            <state vertical-scroll-proportion="-0.0">
              <caret line="0" column="0" selection-start-line="0" selection-start-column="0" selection-end-line="0" selection-end-column="0" />
              <folding />
            </state>
          </provider>
        </entry>
      </file>
    </leaf>
  </component>
  <component name="FileTemplateManagerImpl">
    <option name="RECENT_TEMPLATES">
      <list>
        <option value="HTML File" />
        <option value="tsconfig.json" />
      </list>
    </option>
  </component>
  <component name="IdeDocumentHistory">
    <option name="CHANGED_PATHS">
      <list>
        <option value="$PROJECT_DIR$/.idea/index.html" />
        <option value="$PROJECT_DIR$/json.json" />
        <option value="$PROJECT_DIR$/datel/index.html" />
        <option value="$PROJECT_DIR$/../新建文件夹/table/index.html" />
        <option value="$PROJECT_DIR$/../新建文件夹/table/script/dataGrid.js" />
        <option value="$PROJECT_DIR$/index.html" />
      </list>
    </option>
  </component>
  <component name="JsBuildToolGruntFileManager" detection-done="true" />
  <component name="JsBuildToolPackageJson" detection-done="true" />
  <component name="JsGulpfileManager">
    <detection-done>true</detection-done>
  </component>
  <component name="ProjectFrameBounds">
    <option name="x" value="-8" />
    <option name="y" value="-8" />
    <option name="width" value="1456" />
    <option name="height" value="876" />
  </component>
  <component name="ProjectLevelVcsManager" settingsEditedManually="false">
    <OptionsSetting value="true" id="Add" />
    <OptionsSetting value="true" id="Remove" />
    <OptionsSetting value="true" id="Checkout" />
    <OptionsSetting value="true" id="Update" />
    <OptionsSetting value="true" id="Status" />
    <OptionsSetting value="true" id="Edit" />
    <OptionsSetting value="true" id="添加" />
    <OptionsSetting value="true" id="移除" />
    <OptionsSetting value="true" id="签出" />
    <OptionsSetting value="true" id="更新" />
    <OptionsSetting value="true" id="状态" />
    <OptionsSetting value="true" id="编辑" />
    <ConfirmationsSetting value="0" id="添加" />
    <ConfirmationsSetting value="0" id="移除" />
  </component>
  <component name="ProjectView">
    <navigator proportions="" version="1">
      <flattenPackages />
      <showMembers />
      <showModules />
      <showLibraryContents />
      <hideEmptyPackages />
      <abbreviatePackageNames />
      <autoscrollToSource />
      <autoscrollFromSource />
      <sortByType />
      <manualOrder />
      <foldersAlwaysOnTop value="true" />
    </navigator>
    <panes />
  </component>
  <component name="PropertiesComponent">
    <property name="last_opened_file_path" value="$PROJECT_DIR$/../新建文件夹/table/script/dataGrid.js" />
    <property name="WebServerToolWindowFactoryState" value="false" />
    <property name="HbShouldOpenHtmlAsHb" value="" />
    <property name="DefaultHtmlFileTemplate" value="HTML File" />
  </component>
  <component name="RunManager">
    <configuration default="true" type="DartCommandLineRunConfigurationType" factoryName="Dart Command Line Application">
      <method />
    </configuration>
    <configuration default="true" type="DartTestRunConfigurationType" factoryName="Dart Test">
      <method />
    </configuration>
    <configuration default="true" type="JavaScriptTestRunnerKarma" factoryName="Karma" config-file="">
      <envs />
      <method />
    </configuration>
    <configuration default="true" type="JavascriptDebugType" factoryName="JavaScript Debug">
      <method />
    </configuration>
    <configuration default="true" type="NodeJSConfigurationType" factoryName="Node.js" working-dir="">
      <method />
    </configuration>
    <configuration default="true" type="cucumber.js" factoryName="Cucumber.js">
      <option name="cucumberJsArguments" value="" />
      <option name="executablePath" />
      <option name="filePath" />
      <method />
    </configuration>
    <configuration default="true" type="js.build_tools.gulp" factoryName="Gulp.js">
      <method />
    </configuration>
    <configuration default="true" type="js.build_tools.npm" factoryName="npm">
      <command value="run-script" />
      <scripts />
      <envs />
      <method />
    </configuration>
    <configuration default="true" type="mocha-javascript-test-runner" factoryName="Mocha">
      <node-options />
      <working-directory>$PROJECT_DIR$</working-directory>
      <pass-parent-env>true</pass-parent-env>
      <envs />
      <ui>bdd</ui>
      <extra-mocha-options />
      <test-kind>DIRECTORY</test-kind>
      <test-directory />
      <recursive>false</recursive>
      <method />
    </configuration>
  </component>
  <component name="ShelveChangesManager" show_recycled="false" />
  <component name="TaskManager">
    <task active="true" id="Default" summary="Default task">
      <changelist id="81be433e-50fc-4f1b-a109-74a37c15a4b2" name="默认的" comment="" />
      <created>1466056781019</created>
      <option name="number" value="Default" />
      <updated>1466056781019</updated>
    </task>
    <servers />
  </component>
  <component name="ToolWindowManager">
    <frame x="-8" y="-8" width="1456" height="876" extended-state="0" />
    <editor active="true" />
    <layout>
      <window_info id="Project" active="false" anchor="left" auto_hide="false" internal_type="DOCKED" type="DOCKED" visible="false" show_stripe_button="true" weight="0.25" sideWeight="0.5" order="0" side_tool="false" content_ui="combo" />
      <window_info id="TODO" active="false" anchor="bottom" auto_hide="false" internal_type="DOCKED" type="DOCKED" visible="false" show_stripe_button="true" weight="0.33" sideWeight="0.5" order="6" side_tool="false" content_ui="tabs" />
      <window_info id="版本控制" active="false" anchor="bottom" auto_hide="false" internal_type="DOCKED" type="DOCKED" visible="false" show_stripe_button="true" weight="0.33" sideWeight="0.5" order="-1" side_tool="false" content_ui="tabs" />
      <window_info id="Event Log" active="false" anchor="bottom" auto_hide="false" internal_type="DOCKED" type="DOCKED" visible="false" show_stripe_button="true" weight="0.33" sideWeight="0.5" order="-1" side_tool="true" content_ui="tabs" />
      <window_info id="Structure" active="false" anchor="left" auto_hide="false" internal_type="DOCKED" type="DOCKED" visible="false" show_stripe_button="true" weight="0.25" sideWeight="0.5" order="1" side_tool="false" content_ui="tabs" />
      <window_info id="Terminal" active="false" anchor="bottom" auto_hide="false" internal_type="DOCKED" type="DOCKED" visible="false" show_stripe_button="true" weight="0.33" sideWeight="0.5" order="-1" side_tool="false" content_ui="tabs" />
      <window_info id="Favorites" active="false" anchor="left" auto_hide="false" internal_type="DOCKED" type="DOCKED" visible="false" show_stripe_button="true" weight="0.33" sideWeight="0.5" order="-1" side_tool="true" content_ui="tabs" />
      <window_info id="Cvs" active="false" anchor="bottom" auto_hide="false" internal_type="DOCKED" type="DOCKED" visible="false" show_stripe_button="true" weight="0.25" sideWeight="0.5" order="4" side_tool="false" content_ui="tabs" />
      <window_info id="Hierarchy" active="false" anchor="right" auto_hide="false" internal_type="DOCKED" type="DOCKED" visible="false" show_stripe_button="true" weight="0.25" sideWeight="0.5" order="2" side_tool="false" content_ui="combo" />
      <window_info id="Message" active="false" anchor="bottom" auto_hide="false" internal_type="DOCKED" type="DOCKED" visible="false" show_stripe_button="true" weight="0.33" sideWeight="0.5" order="0" side_tool="false" content_ui="tabs" />
      <window_info id="Commander" active="false" anchor="right" auto_hide="false" internal_type="DOCKED" type="DOCKED" visible="false" show_stripe_button="true" weight="0.4" sideWeight="0.5" order="0" side_tool="false" content_ui="tabs" />
      <window_info id="Find" active="false" anchor="bottom" auto_hide="false" internal_type="DOCKED" type="DOCKED" visible="false" show_stripe_button="true" weight="0.33" sideWeight="0.5" order="1" side_tool="false" content_ui="tabs" />
      <window_info id="Inspection" active="false" anchor="bottom" auto_hide="false" internal_type="DOCKED" type="DOCKED" visible="false" show_stripe_button="true" weight="0.4" sideWeight="0.5" order="5" side_tool="false" content_ui="tabs" />
      <window_info id="Run" active="false" anchor="bottom" auto_hide="false" internal_type="DOCKED" type="DOCKED" visible="false" show_stripe_button="true" weight="0.33" sideWeight="0.5" order="2" side_tool="false" content_ui="tabs" />
      <window_info id="Ant Build" active="false" anchor="right" auto_hide="false" internal_type="DOCKED" type="DOCKED" visible="false" show_stripe_button="true" weight="0.25" sideWeight="0.5" order="1" side_tool="false" content_ui="tabs" />
      <window_info id="Debug" active="false" anchor="bottom" auto_hide="false" internal_type="DOCKED" type="DOCKED" visible="false" show_stripe_button="true" weight="0.4" sideWeight="0.5" order="3" side_tool="false" content_ui="tabs" />
    </layout>
  </component>
  <component name="VcsContentAnnotationSettings">
    <option name="myLimit" value="2678400000" />
  </component>
  <component name="XDebuggerManager">
    <breakpoint-manager />
    <watches-manager />
  </component>
  <component name="editorHistoryManager">
    <entry file="file://$PROJECT_DIR$/../新建文件夹/table/json/table.json">
      <provider selected="true" editor-type-id="text-editor">
        <state vertical-scroll-proportion="0.0">
          <caret line="0" column="0" selection-start-line="0" selection-start-column="0" selection-end-line="0" selection-end-column="0" />
          <folding />
        </state>
      </provider>
    </entry>
    <entry file="file://$PROJECT_DIR$/../新建文件夹/table/script/dataGrid.js">
      <provider selected="true" editor-type-id="text-editor">
        <state vertical-scroll-proportion="0.0">
          <caret line="60" column="19" selection-start-line="60" selection-start-column="19" selection-end-line="60" selection-end-column="19" />
          <folding />
        </state>
      </provider>
    </entry>
    <entry file="file://$PROJECT_DIR$/datal.json">
      <provider selected="true" editor-type-id="text-editor">
        <state vertical-scroll-proportion="0.0">
          <caret line="0" column="0" selection-start-line="0" selection-start-column="0" selection-end-line="0" selection-end-column="0" />
          <folding />
        </state>
      </provider>
    </entry>
    <entry file="file://$PROJECT_DIR$/index.html">
      <provider selected="true" editor-type-id="text-editor">
        <state vertical-scroll-proportion="-11.970589">
          <caret line="22" column="0" selection-start-line="22" selection-start-column="0" selection-end-line="22" selection-end-column="0" />
          <folding />
        </state>
      </provider>
    </entry>
    <entry file="file://$PROJECT_DIR$/../新建文件夹/table/index.html">
      <provider selected="true" editor-type-id="text-editor">
        <state vertical-scroll-proportion="0.74340177">
          <caret line="38" column="8" selection-start-line="38" selection-start-column="8" selection-end-line="38" selection-end-column="8" />
          <folding />
        </state>
      </provider>
    </entry>
  </component>
</project>